<?xml version="1.0" encoding="UTF-8"?>
<!DOCTYPE config SYSTEM "http://www.matsim.org/files/dtd/config_v2.dtd">
<config>
	<module name="controller" >
		<!-- Default=1000. Last Iteration of a simulation. -->
		<param name="lastIteration" value="1" />
		<!-- Possible values: failIfDirectoryExists,overwriteExistingFiles,deleteDirectoryIfExists -->
		<param name="overwriteFiles" value="deleteDirectoryIfExists" />
	</module>
	<module name="counts" >
		<!-- input file name to counts package -->
		<param name="inputCountsFile" value="counts.xml" />
	</module>
	<module name="global" >
		<param name="coordinateSystem" value="EPSG:4326" />
	</module>
	<module name="network" >
		<param name="inputNetworkFile" value="network.xml" />
	</module>
	<module name="plans" >
		<param name="inputPlansFile" value="plans.xml" />
	</module>
	<module name="qsim" >
		<param name="endTime" value="24:00:00" />
	</module>
	<module name="replanning" >
		<parameterset type="strategysettings" >
			<!-- strategyName of strategy.  Possible default names: SelectRandom BestScore KeepLastSelected ChangeExpBeta SelectExpBeta SelectPathSizeLogit      (selectors), ReRouteTimeAllocationMutatorTimeAllocationMutator_ReRouteChangeSingleTripModeChangeTripModeSubtourModeChoice (innovative strategies). -->
			<param name="strategyName" value="BestScore" />
			<!-- weight of a strategy: for each agent, a strategy will be selected with a probability proportional to its weight -->
			<param name="weight" value="0.9" />
		</parameterset>
		<parameterset type="strategysettings" >
			<param name="strategyName" value="ReRoute" />
			<param name="weight" value="0.1" />
		</parameterset>
	</module>
	<module name="routing" >
		<parameterset type="teleportedModeParameters" >
			<param name="mode" value="bike" />
		</parameterset>
		<parameterset type="teleportedModeParameters" >
			<param name="mode" value="walk" />
		</parameterset>
		<parameterset type="teleportedModeParameters" >
			<param name="mode" value="non_network_walk" />
		</parameterset>
		<parameterset type="teleportedModeParameters" >
			<param name="mode" value="ride" />
		</parameterset>
		<parameterset type="teleportedModeParameters" >
			<param name="mode" value="pt" />
		</parameterset>
	</module>
	<module name="scoring" >
		<parameterset type="scoringParameters" >
			<parameterset type="activityParams" >
				<param name="activityType" value="dummy" />
				<!-- typical duration of activity.  needs to be defined and non-zero.  in sec. -->
				<param name="typicalDuration" value="02:00:00" />
			</parameterset>
			<parameterset type="activityParams" >
				<param name="activityType" value="car interaction" />
				<param name="typicalDuration" value="undefined" />
			</parameterset>
			<parameterset type="activityParams" >
				<param name="activityType" value="pt interaction" />
				<param name="typicalDuration" value="undefined" />
			</parameterset>
			<parameterset type="activityParams" >
				<param name="activityType" value="bike interaction" />
				<param name="typicalDuration" value="undefined" />
			</parameterset>
			<parameterset type="activityParams" >
				<param name="activityType" value="drt interaction" />
				<param name="typicalDuration" value="undefined" />
			</parameterset>
			<parameterset type="activityParams" >
				<param name="activityType" value="taxi interaction" />
				<param name="typicalDuration" value="undefined" />
			</parameterset>
			<parameterset type="activityParams" >
				<param name="activityType" value="other interaction" />
				<param name="typicalDuration" value="undefined" />
			</parameterset>
			<parameterset type="activityParams" >
				<param name="activityType" value="walk interaction" />
				<param name="typicalDuration" value="undefined" />
			</parameterset>
			<parameterset type="activityParams" >
				<param name="activityType" value="home" />
				<param name="typicalDuration" value="12:00:00" />
			</parameterset>
			<parameterset type="activityParams" >
				<param name="activityType" value="work" />
				<param name="closingTime" value="19:00:00" />
				<param name="openingTime" value="07:00:00" />
				<param name="typicalDuration" value="08:00:00" />
			</parameterset>
			<parameterset type="activityParams" >
				<param name="activityType" value="ride interaction" />
				<param name="scoringThisActivityAtAll" value="false" />
				<param name="typicalDuration" value="undefined" />
			</parameterset>
			<parameterset type="modeParams" >
				<param name="mode" value="car" />
			</parameterset>
			<parameterset type="modeParams" >
				<param name="mode" value="pt" />
			</parameterset>
			<parameterset type="modeParams" >
				<param name="mode" value="walk" />
			</parameterset>
			<parameterset type="modeParams" >
				<param name="mode" value="bike" />
			</parameterset>
			<parameterset type="modeParams" >
				<param name="mode" value="ride" />
			</parameterset>
			<parameterset type="modeParams" >
				<param name="mode" value="other" />
			</parameterset>
		</parameterset>
	</module>

</config>
